"UMSARS","Inpatient.care","Drugs..BSC.","Special.equipment","Home.care","Other.direct.costs","Total","StandardError"
"UMSARS_IV 1 + 2",296.3248,197.549866666667,197.549866666667,0,296.3248,987.749333333333,145.635693897362
"UMSARS_IV 3",740.812,296.3248,296.3248,49.3874666666667,617.343333333333,2000.1924,294.912280142158
"UMSARS_IV 4",987.749333333333,321.018533333333,1037.1368,395.099733333333,938.361866666667,3679.36626666667,542.492959767674
"UMSARS_IV 5",987.749333333333,321.018533333333,1037.1368,395.099733333333,938.361866666667,3679.36626666667,542.492959767674
