"","UMSARS_IV","Mean_Index_Score","N","Standard_Error","alpha","beta"
"1","1 + 2",0.578701149425287,87,0.0334285894815767,125.680448577371,91.4963251376724
"2","3",0.427259259259259,81,0.0346445694783071,86.6832806877158,116.198877648651
"3","4",0.143519736842105,152,0.0252904108285549,27.4386768623316,163.745319611398
"4","5",-0.1255,60,0.0402533521878027,11.0657902681228,-99.2394179025677
